,flight_dk,distance,emissions
0,3,1182.0,290.772
1,1,394.0,96.92399999999999
2,1,394.0,96.92399999999999
3,3,1182.0,290.772
4,2,788.0,193.84799999999998
